round_epochs,val_loss,val_f1,val_accuracy,loss,f1,accuracy,visualize_proccess,first_neuron,activation,dropout,number_of_hidden_layers,shapes,epochs,batch_size,model_type
5,0.5969385787986574,0.7808560422488622,0.9823928499221801,0.21255008007190665,0.8173891816333848,0.9933137715106107,False,128,relu,0.2,1,funnel,5,32,keras_tf_idf_model
10,0.608306591737838,0.5948603467714219,0.98278570606595,0.4473699939007662,0.5552698540930845,0.9857474405911504,False,128,relu,0.6,1,funnel,10,32,keras_tf_idf_model
10,0.5944075075785319,0.7456663896923973,0.9827975874855405,0.08016838473324873,0.7849667728190519,0.997706632516822,False,128,relu,0.2,1,funnel,10,64,keras_tf_idf_model
15,0.6308206977163042,0.3621927641119276,0.9822559243156797,0.37737180425196276,0.4570478194587085,0.9875535474991312,False,64,relu,0.4,1,funnel,15,64,keras_tf_idf_model
5,0.5978614221300398,0.7486058165913536,0.9826249703906831,0.28432776813604393,0.7919804346318148,0.9911249771896674,False,128,tanh,0.4,1,funnel,5,64,keras_tf_idf_model
15,0.6061943335760207,0.7458146734464737,0.9825833032244727,0.08924433253553449,0.7905386270308982,0.99707652617474,False,128,tanh,0.4,1,funnel,15,64,keras_tf_idf_model
15,0.6332930538200197,0.5398230948902312,0.9822202301025391,0.31917041861281104,0.5418866188915409,0.9895050989851659,False,64,relu,0.4,1,funnel,15,32,keras_tf_idf_model
