round_epochs,val_loss,val_f1,val_categorical_accuracy,loss,f1,categorical_accuracy,visualize_proccess,first_neuron,activation,dropout,number_of_hidden_layers,shapes,epochs,batch_size,model_type
20,0.5278160897493362,0.6417479960918426,0.8355,0.19532294481566975,0.6693299363000053,0.9380357142857143,False,64,relu,0.6,0,funnel,20,32,keras_tf_idf_model
30,0.7685119867324829,0.40492826902866363,0.77225,0.9731598799909864,0.3201929772240775,0.6355714285714286,False,64,tanh,0.6,2,funnel,30,32,keras_tf_idf_model
20,0.6517887609004974,0.70651407122612,0.80975,0.17605156120657922,0.6604428393500191,0.9446428571428571,False,64,relu,0.2,2,funnel,20,32,keras_tf_idf_model
30,0.561043261051178,0.7671853485107422,0.81675,0.021480566505874907,0.8495805047580174,0.9937142857142857,False,128,tanh,0.2,1,funnel,30,64,keras_tf_idf_model
