round_epochs,val_loss,val_f1,val_categorical_accuracy,loss,f1,categorical_accuracy,visualize_process,first_neuron,activation,dropout,number_of_hidden_layers,shapes,epochs,batch_size,model_type
30,0.947691556930542,0.31735160446166993,0.70675,0.9158117208480835,0.3911413019895554,0.7047142857142857,True,256,tanh,0.2,1,funnel,30,64,keras_embeddings_centroids_model
20,1.0667235441207885,0.20142017284035682,0.65875,1.2914281650270734,0.24793892985156604,0.5849285714285715,True,512,tanh,0.6,2,funnel,20,64,keras_embeddings_centroids_model
30,1.0340624208450317,0.1854835366010666,0.677,1.1799660662242344,0.26018462597472325,0.6131071428571429,True,256,relu,0.6,1,funnel,30,64,keras_embeddings_centroids_model
20,0.9773021004199982,0.4775798954963684,0.6905,0.9686659838131496,0.4919644394431795,0.6840714285714286,True,512,tanh,0.2,2,funnel,20,32,keras_embeddings_centroids_model
