round_epochs,val_loss,val_f1,val_categorical_accuracy,loss,f1,categorical_accuracy,visualize_proccess,first_neuron,activation,dropout,number_of_hidden_layers,shapes,epochs,batch_size,model_type
15,0.5797375054359436,0.5964503517150879,0.824,0.38175006318092347,0.5541825336728777,0.8738571428571429,False,128,relu,0.6,1,funnel,15,64,keras_sdr_tf_idf_model
15,0.6644998779296875,0.7798451995849609,0.80425,0.27035227941189494,0.7826121424947466,0.9159285714285714,False,64,tanh,0.2,2,funnel,15,32,keras_sdr_tf_idf_model
20,0.5670300993919373,0.7547544012069702,0.823,0.08064515891458307,0.8010744945662363,0.9746785714285714,False,64,tanh,0.2,1,funnel,20,64,keras_sdr_tf_idf_model
15,0.5642155522108078,0.7891465811729431,0.821,0.3266006512301309,0.7714896503857204,0.8943214285714286,False,128,tanh,0.6,1,funnel,15,32,keras_sdr_tf_idf_model
20,0.616961430311203,0.787181893825531,0.812,0.036692816779882245,0.784308988571167,0.9891071428571429,False,128,relu,0.2,2,funnel,20,32,keras_sdr_tf_idf_model
20,0.6580048894882202,0.25176169514656066,0.80925,0.8028459374564034,0.26095014183010373,0.7082142857142857,False,64,relu,0.6,1,funnel,20,64,keras_sdr_tf_idf_model
