round_epochs,val_loss,val_f1,val_categorical_accuracy,loss,f1,categorical_accuracy,visualize_proccess,first_neuron,activation,dropout,number_of_hidden_layers,shapes,epochs,batch_size,model_type
20,0.5652089238166809,0.7545923399925232,0.8195,0.2888716504573822,0.7395229345730373,0.9046428571428572,False,128,tanh,0.6,1,funnel,20,64,keras_tf_idf_model
15,0.5672946757078171,0.768200318813324,0.82075,0.09884721688819784,0.7709325596945626,0.9679642857142857,False,64,relu,0.2,1,funnel,15,32,keras_tf_idf_model
15,0.6079979696273804,0.7809495115280152,0.81075,0.15415364630733216,0.8237991659981864,0.95075,False,128,tanh,0.2,2,funnel,15,64,keras_tf_idf_model
20,0.5663165793418884,0.7827261605262756,0.819,0.020957852622228008,0.8102538601330348,0.9943214285714286,False,128,relu,0.2,1,funnel,20,64,keras_tf_idf_model
