round_epochs,val_loss,val_f1,val_accuracy,loss,f1,accuracy,visualize_proccess,first_neuron,activation,dropout,number_of_hidden_layers,shapes,epochs,batch_size,model_type
5,1.8372280202593123,nan,0.9521427413395472,2.115334942584135,nan,0.9506912048495546,False,256,relu,0.6,2,funnel,5,64,keras_embeddings_centroids_model
15,1.1614809601647513,0.25792780214831945,0.9661963602474758,1.3540533892962396,0.18321226756183467,0.9618902263835984,False,256,relu,0.4,2,funnel,15,64,keras_embeddings_centroids_model
5,1.2885455980755034,0.3170331698088419,0.9633571077528454,1.4412892601441365,0.33725428398774593,0.9600433335985457,False,128,tanh,0.2,2,funnel,5,32,keras_embeddings_centroids_model
15,1.0740448220570882,0.307802570831208,0.9692975605101812,1.110755886447673,0.21044061941759926,0.9675739156470007,False,256,relu,0.2,2,funnel,15,64,keras_embeddings_centroids_model
5,2.0128316375187465,nan,0.9510237375895182,2.3113352649065915,nan,0.9503570735697844,False,128,relu,0.6,2,funnel,5,32,keras_embeddings_centroids_model
10,1.5706527582804362,0.2398675153510911,0.95526185353597,1.8908065093293482,nan,0.9522626959547704,False,128,tanh,0.6,2,funnel,10,32,keras_embeddings_centroids_model
10,1.8640147250039236,nan,0.9513034516289121,2.1500287380997016,nan,0.9504131404234438,False,128,relu,0.6,2,funnel,10,64,keras_embeddings_centroids_model
