round_epochs,val_loss,val_f1,val_categorical_accuracy,loss,f1,categorical_accuracy,visualize_proccess,first_neuron,activation,dropout,number_of_hidden_layers,shapes,epochs,batch_size,model_type
20,0.935684461593628,0.29418067356944083,0.7025,0.8865712698187147,0.36945203469480786,0.7026785714285714,False,256,relu,0.2,1,funnel,20,32,keras_embeddings_centroids_model
30,0.944726821899414,0.30716489064693453,0.70925,0.9162470730372838,0.39014711121150425,0.70425,False,256,tanh,0.2,1,funnel,30,64,keras_embeddings_centroids_model
20,0.979004885673523,0.4060795519351959,0.6885,0.9404912570544651,0.4651452990940639,0.6970714285714286,False,512,tanh,0.2,1,funnel,20,64,keras_embeddings_centroids_model
30,1.0039440937042237,0.20172874319553374,0.70325,0.9354992739813668,0.2522556621985776,0.7113928571428572,False,256,tanh,0.2,0,funnel,30,64,keras_embeddings_centroids_model
