round_epochs,val_loss,val_f1,val_categorical_accuracy,loss,f1,categorical_accuracy,visualize_proccess,first_neuron,activation,dropout,number_of_hidden_layers,shapes,epochs,batch_size,model_type
15,0.7890325436592102,0.35668093290925024,0.743,1.134903418949672,0.3016482139272349,0.5810357142857143,False,64,tanh,0.6,2,funnel,15,32,keras_tf_idf_model
15,0.6077122535705567,0.784441608428955,0.812,0.1503034942831312,0.8250712722369603,0.9524642857142858,False,128,tanh,0.2,2,funnel,15,64,keras_tf_idf_model
