round_epochs,val_loss,val_f1,val_accuracy,loss,f1,accuracy,visualize_proccess,first_neuron,activation,dropout,number_of_hidden_layers,shapes,epochs,batch_size,model_type
10,0.5828023252033052,0.7513709794907343,0.9832380873816354,0.16013359973169103,0.7470028291916361,0.9950433634738532,False,128,relu,0.4,1,funnel,10,32,keras_tf_idf_model
5,0.8133808690025693,0.4783743795894441,0.9737618772188822,1.2284531155411078,0.3540844723764731,0.9627295557333498,False,64,relu,0.6,1,funnel,5,32,keras_tf_idf_model
10,0.5963163259483519,0.7820719531604222,0.9824107067925589,0.12635106059209425,0.8224419460491258,0.9960510167297052,False,128,tanh,0.4,1,funnel,10,32,keras_tf_idf_model
15,0.6129665929930551,0.7164785992531549,0.982178562482198,0.20932176601521824,0.7387579852220963,0.9935127505477593,False,64,tanh,0.4,1,funnel,15,32,keras_tf_idf_model
10,0.7144243240356445,0.5047428431965056,0.9783690261840821,0.9765546574884532,0.3793402154348334,0.9678367085359535,False,64,relu,0.6,1,funnel,10,32,keras_tf_idf_model
10,0.5929026216552371,0.7746919696671623,0.9826249726613363,0.05061048284933275,0.8295601723632035,0.9987908213479179,False,128,tanh,0.2,1,funnel,10,64,keras_tf_idf_model
5,0.6145752921558562,0.7138981516020638,0.9825476087842668,0.4226725257659445,0.733558970032906,0.9873061160165436,False,64,tanh,0.4,1,funnel,5,32,keras_tf_idf_model
