round_epochs,val_loss,val_f1,val_accuracy,loss,f1,accuracy,visualize_proccess,first_neuron,activation,dropout,number_of_hidden_layers,shapes,epochs,batch_size,model_type
15,0.5829454387426376,0.7044781963825226,0.983974992275238,0.35569737499100823,0.6165395692757197,0.9887107080050878,False,128,relu,0.6,1,funnel,15,32,keras_tf_idf_model
10,0.5673535218238831,0.7820941834449768,0.9829499683380127,0.08238709742682321,0.8442713644163949,0.9975374986103602,False,128,tanh,0.2,1,funnel,10,64,keras_tf_idf_model
15,0.5559482460021973,0.7934718465805054,0.9838124732971192,0.03548847098222801,0.8130313415527344,0.9989607199941363,False,128,relu,0.2,1,funnel,15,64,keras_tf_idf_model
10,0.5780562427043915,0.7815436868667602,0.9832999925613404,0.07741838380268642,0.8576478496279035,0.9974857093266079,False,128,tanh,0.2,1,funnel,10,32,keras_tf_idf_model
10,0.5821390228271485,0.527389838218689,0.9836874723434448,0.4892034372261592,0.539770214012691,0.9841392553874424,False,64,relu,0.4,1,funnel,10,64,keras_tf_idf_model
10,0.5670655407905578,0.7920938906669617,0.9834624724388122,0.17392854557718548,0.8162064201491219,0.9942267699922834,False,128,tanh,0.4,1,funnel,10,64,keras_tf_idf_model
10,0.5734969836473465,0.7905919842720032,0.9836249928474426,0.3705045893703188,0.7722338799749102,0.9883303549630301,False,128,tanh,0.6,1,funnel,10,32,keras_tf_idf_model
